Model Number;Layer Number;Gaussian Noise;Convolutional;Transpose Convolution;Filters;Kernel Size;Max Pooling Applied;Dropout rate;Number of Dense Nodes;Is Final Layer;Activation Function;Loss Function;Optimizer;Batch Size;Learning Rate;Momentum;Epochs;Final Training Accuracy;Final Validation Accuracy;Electron Efficiency;Pion Efficiency;nPions;nElectrons;P range;Scaling Strategy;Dataset Used
M9;1;;TRUE;;32;3x3;;;;;ReLU;Categorical Crossentropy;AdaDelta;32;0,01;;100;0,9;0,894;0,78;0,6;;;;;All data, Oversampled Electrons by n=nx2
M9;2;;TRUE;;64;3x3;TRUE;0,25;;;ReLU;Categorical Crossentropy;AdaDelta;32;0,01;;100;0,9;0,894;0,78;0,6;;;;;All data, Oversampled Electrons by n=nx2
M9;3;;;;;;;0,5;128;;ReLU;Categorical Crossentropy;AdaDelta;32;0,01;;100;0,9;0,894;0,78;0,6;;;;;All data, Oversampled Electrons by n=nx2
M9;4;;;;;;;;2;TRUE;SoftMax;Categorical Crossentropy;AdaDelta;32;0,01;;100;0,9;0,894;0,78;0,6;;;;;All data, Oversampled Electrons by n=nx2
M10;1;;TRUE;;32;3x3;;;;;ReLU;Categorical Crossentropy;SGD;32;0,01;;100;0,9125;0,9075;0,753;0,54;;;;;All data, Oversampled Electrons by n=nx2
M10;2;;TRUE;;64;3x3;TRUE;0,25;;;ReLU;Categorical Crossentropy;SGD;32;0,01;;100;0,9125;0,9075;0,753;0,54;;;;;All data, Oversampled Electrons by n=nx2
M10;3;;;;;;;0,5;128;;ReLU;Categorical Crossentropy;SGD;32;0,01;;100;0,9125;0,9075;0,753;0,54;;;;;All data, Oversampled Electrons by n=nx2
M10;4;;;;;;;;2;TRUE;SoftMax;Categorical Crossentropy;SGD;32;0,01;;100;0,9125;0,9075;0,753;0,54;;;;;All data, Oversampled Electrons by n=nx2
M11;1;;TRUE;;32;3x3;;;;;ReLU;Categorical Crossentropy;SGD;100000;0,01;;40;0,906;0,905;0,897;0,759;;;;;All data, Scaled as follows: x=x-mean(x)/sd(x)
M11;2;;TRUE;;64;3x3;;;;;ReLU;Categorical Crossentropy;SGD;100000;0,01;;40;0,906;0,905;0,897;0,759;;;;;All data, Scaled as follows: x=x-mean(x)/sd(x)
M11;3;;TRUE;;64;2x2;TRUE;0,25;;;ReLU;Categorical Crossentropy;SGD;100000;0,01;;40;0,906;0,905;0,897;0,759;;;;;All data, Scaled as follows: x=x-mean(x)/sd(x)
M11;4;;;;;;;0,5;256;;ReLU;Categorical Crossentropy;SGD;100000;0,01;;40;0,906;0,905;0,897;0,759;;;;;All data, Scaled as follows: x=x-mean(x)/sd(x)
M11;5;;;;;;;0,5;128;;ReLU;Categorical Crossentropy;SGD;100000;0,01;;40;0,906;0,905;0,897;0,759;;;;;All data, Scaled as follows: x=x-mean(x)/sd(x)
M11;6;;;;;;;0,5;128;;ReLU;Categorical Crossentropy;SGD;100000;0,01;;40;0,906;0,905;0,897;0,759;;;;;All data, Scaled as follows: x=x-mean(x)/sd(x)
M11;7;;;;;;;;2;TRUE;SoftMax;Categorical Crossentropy;SGD;100000;0,01;;40;0,906;0,905;0,897;0,759;;;;;All data, Scaled as follows: x=x-mean(x)/sd(x)
M12;1;;TRUE;;32;4x4;;;;;Tanh;Categorical Crossentropy;SGD;32;0,01;;100;0,55;0,535;0,9;0,89;;;;;All pions and an equal amount of electrons, Scaled as follows: x=x-mean(x)/sd(x)
M12;2;;TRUE;;64;4x4;TRUE;;;;ReLU;Categorical Crossentropy;SGD;32;0,01;;100;0,55;0,535;0,9;0,89;;;;;All pions and an equal amount of electrons, Scaled as follows: x=x-mean(x)/sd(x)
M12;3;;;;;;;;256;;ReLU;Categorical Crossentropy;SGD;32;0,01;;100;0,55;0,535;0,9;0,89;;;;;All pions and an equal amount of electrons, Scaled as follows: x=x-mean(x)/sd(x)
M12;4;;;;;;;;256;;ReLU;Categorical Crossentropy;SGD;32;0,01;;100;0,55;0,535;0,9;0,89;;;;;All pions and an equal amount of electrons, Scaled as follows: x=x-mean(x)/sd(x)
M12;5;;;;;;;;256;;ReLU;Categorical Crossentropy;SGD;32;0,01;;100;0,55;0,535;0,9;0,89;;;;;All pions and an equal amount of electrons, Scaled as follows: x=x-mean(x)/sd(x)
M12;6;;;;;;;;256;;ReLU;Categorical Crossentropy;SGD;32;0,01;;100;0,55;0,535;0,9;0,89;;;;;All pions and an equal amount of electrons, Scaled as follows: x=x-mean(x)/sd(x)
M12;7;;;;;;;;256;;ReLU;Categorical Crossentropy;SGD;32;0,01;;100;0,55;0,535;0,9;0,89;;;;;All pions and an equal amount of electrons, Scaled as follows: x=x-mean(x)/sd(x)
M12;8;;;;;;;;256;;ReLU;Categorical Crossentropy;SGD;32;0,01;;100;0,55;0,535;0,9;0,89;;;;;All pions and an equal amount of electrons, Scaled as follows: x=x-mean(x)/sd(x)
M12;9;;;;;;;;256;;ReLU;Categorical Crossentropy;SGD;32;0,01;;100;0,55;0,535;0,9;0,89;;;;;All pions and an equal amount of electrons, Scaled as follows: x=x-mean(x)/sd(x)
M12;10;;;;;;;;256;;ReLU;Categorical Crossentropy;SGD;32;0,01;;100;0,55;0,535;0,9;0,89;;;;;All pions and an equal amount of electrons, Scaled as follows: x=x-mean(x)/sd(x)
M12;11;;;;;;;;256;;ReLU;Categorical Crossentropy;SGD;32;0,01;;100;0,55;0,535;0,9;0,89;;;;;All pions and an equal amount of electrons, Scaled as follows: x=x-mean(x)/sd(x)
M12;12;;;;;;;;256;;ReLU;Categorical Crossentropy;SGD;32;0,01;;100;0,55;0,535;0,9;0,89;;;;;All pions and an equal amount of electrons, Scaled as follows: x=x-mean(x)/sd(x)
M12;13;;;;;;;;2;TRUE;SoftMax;Categorical Crossentropy;SGD;32;0,01;;100;0,55;0,535;0,9;0,89;;;;;All pions and an equal amount of electrons, Scaled as follows: x=x-mean(x)/sd(x)
M13;1;;TRUE;;32;4x4;;;;;Tanh;Categorical Crossentropy;SGD;32;0,01;;100;0,9;0,51;0,9;0,9;;;;;All pions and an equal amount of electrons, Scaled as follows: x=x-mean(x)/sd(x)
M13;2;;TRUE;;64;4x4;TRUE;;;;Tanh;Categorical Crossentropy;SGD;32;0,01;;100;0,9;0,51;0,9;0,9;;;;;All pions and an equal amount of electrons, Scaled as follows: x=x-mean(x)/sd(x)
M13;3;;;;;;;;512;;ReLU;Categorical Crossentropy;SGD;32;0,01;;100;0,9;0,51;0,9;0,9;;;;;All pions and an equal amount of electrons, Scaled as follows: x=x-mean(x)/sd(x)
M13;4;;;;;;;;512;;ReLU;Categorical Crossentropy;SGD;32;0,01;;100;0,9;0,51;0,9;0,9;;;;;All pions and an equal amount of electrons, Scaled as follows: x=x-mean(x)/sd(x)
M13;5;;;;;;;;512;;ReLU;Categorical Crossentropy;SGD;32;0,01;;100;0,9;0,51;0,9;0,9;;;;;All pions and an equal amount of electrons, Scaled as follows: x=x-mean(x)/sd(x)
M13;6;;;;;;;;512;;ReLU;Categorical Crossentropy;SGD;32;0,01;;100;0,9;0,51;0,9;0,9;;;;;All pions and an equal amount of electrons, Scaled as follows: x=x-mean(x)/sd(x)
M13;7;;;;;;;;512;;ReLU;Categorical Crossentropy;SGD;32;0,01;;100;0,9;0,51;0,9;0,9;;;;;All pions and an equal amount of electrons, Scaled as follows: x=x-mean(x)/sd(x)
M13;8;;;;;;;;512;;ReLU;Categorical Crossentropy;SGD;32;0,01;;100;0,9;0,51;0,9;0,9;;;;;All pions and an equal amount of electrons, Scaled as follows: x=x-mean(x)/sd(x)
M13;9;;;;;;;;512;;ReLU;Categorical Crossentropy;SGD;32;0,01;;100;0,9;0,51;0,9;0,9;;;;;All pions and an equal amount of electrons, Scaled as follows: x=x-mean(x)/sd(x)
M13;10;;;;;;;;512;;ReLU;Categorical Crossentropy;SGD;32;0,01;;100;0,9;0,51;0,9;0,9;;;;;All pions and an equal amount of electrons, Scaled as follows: x=x-mean(x)/sd(x)
M13;11;;;;;;;;512;;ReLU;Categorical Crossentropy;SGD;32;0,01;;100;0,9;0,51;0,9;0,9;;;;;All pions and an equal amount of electrons, Scaled as follows: x=x-mean(x)/sd(x)
M13;12;;;;;;;;512;;ReLU;Categorical Crossentropy;SGD;32;0,01;;100;0,9;0,51;0,9;0,9;;;;;All pions and an equal amount of electrons, Scaled as follows: x=x-mean(x)/sd(x)
M13;13;;;;;;;;512;;ReLU;Categorical Crossentropy;SGD;32;0,01;;100;0,9;0,51;0,9;0,9;;;;;All pions and an equal amount of electrons, Scaled as follows: x=x-mean(x)/sd(x)
M13;14;;;;;;;;512;;ReLU;Categorical Crossentropy;SGD;32;0,01;;100;0,9;0,51;0,9;0,9;;;;;All pions and an equal amount of electrons, Scaled as follows: x=x-mean(x)/sd(x)
M13;15;;;;;;;;512;;ReLU;Categorical Crossentropy;SGD;32;0,01;;100;0,9;0,51;0,9;0,9;;;;;All pions and an equal amount of electrons, Scaled as follows: x=x-mean(x)/sd(x)
M13;16;;;;;;;;512;;ReLU;Categorical Crossentropy;SGD;32;0,01;;100;0,9;0,51;0,9;0,9;;;;;All pions and an equal amount of electrons, Scaled as follows: x=x-mean(x)/sd(x)
M13;17;;;;;;;;2;TRUE;SoftMax;Categorical Crossentropy;SGD;32;0,01;;100;0,9;0,51;0,9;0,9;;;;;All pions and an equal amount of electrons, Scaled as follows: x=x-mean(x)/sd(x)
M14;1;;TRUE;;32;4x4;TRUE;;;;None;Categorical Crossentropy;SGD;32;0,01;0,9;50;0,62;0,56;0,9;0,88;;;;;All pions and an equal amount of electrons, Scaled as follows: x=x/max(x)
M14;2;;TRUE;;64;4x4;TRUE;;;;None;Categorical Crossentropy;SGD;32;0,01;0,9;50;0,62;0,56;0,9;0,88;;;;;All pions and an equal amount of electrons, Scaled as follows: x=x/max(x)
M14;3;;TRUE;;128;2x2;;;;;None;Categorical Crossentropy;SGD;32;0,01;0,9;50;0,62;0,56;0,9;0,88;;;;;All pions and an equal amount of electrons, Scaled as follows: x=x/max(x)
M14;4;;;;;;;;256;;Tanh;Categorical Crossentropy;SGD;32;0,01;0,9;50;0,62;0,56;0,9;0,88;;;;;All pions and an equal amount of electrons, Scaled as follows: x=x/max(x)
M14;5;;;;;;;;128;;Tanh;Categorical Crossentropy;SGD;32;0,01;0,9;50;0,62;0,56;0,9;0,88;;;;;All pions and an equal amount of electrons, Scaled as follows: x=x/max(x)
M14;6;;;;;;;;128;;Tanh;Categorical Crossentropy;SGD;32;0,01;0,9;50;0,62;0,56;0,9;0,88;;;;;All pions and an equal amount of electrons, Scaled as follows: x=x/max(x)
M14;7;;;;;;;;64;;Tanh;Categorical Crossentropy;SGD;32;0,01;0,9;50;0,62;0,56;0,9;0,88;;;;;All pions and an equal amount of electrons, Scaled as follows: x=x/max(x)
M14;8;;;;;;;;32;;Tanh;Categorical Crossentropy;SGD;32;0,01;0,9;50;0,62;0,56;0,9;0,88;;;;;All pions and an equal amount of electrons, Scaled as follows: x=x/max(x)
M14;9;;;;;;;;2;TRUE;SoftMax;Categorical Crossentropy;SGD;32;0,01;0,9;50;0,62;0,56;0,9;0,88;;;;;All pions and an equal amount of electrons, Scaled as follows: x=x/max(x)
M15;1;;TRUE;;32;4x4;TRUE;;;;Tanh;Categorical Crossentropy;SGD;32;0,01;0,9;50;0,55;0,57;0,9;0,882;;;;;All pions and an equal amount of electrons, Scaled as follows: x=x/max(x)
M15;2;;TRUE;;64;4x4;TRUE;;;;Tanh;Categorical Crossentropy;SGD;32;0,01;0,9;50;0,55;0,57;0,9;0,882;;;;;All pions and an equal amount of electrons, Scaled as follows: x=x/max(x)
M15;3;;;;;;;;1024;;Tanh;Categorical Crossentropy;SGD;32;0,01;0,9;50;0,55;0,57;0,9;0,882;;;;;All pions and an equal amount of electrons, Scaled as follows: x=x/max(x)
M15;4;;;;;;;;1024;;Tanh;Categorical Crossentropy;SGD;32;0,01;0,9;50;0,55;0,57;0,9;0,882;;;;;All pions and an equal amount of electrons, Scaled as follows: x=x/max(x)
M15;5;;;;;;;;512;;ReLU;Categorical Crossentropy;SGD;32;0,01;0,9;50;0,55;0,57;0,9;0,882;;;;;All pions and an equal amount of electrons, Scaled as follows: x=x/max(x)
M15;6;;;;;;;;512;;ReLU;Categorical Crossentropy;SGD;32;0,01;0,9;50;0,55;0,57;0,9;0,882;;;;;All pions and an equal amount of electrons, Scaled as follows: x=x/max(x)
M15;7;;;;;;;;256;;ReLU;Categorical Crossentropy;SGD;32;0,01;0,9;50;0,55;0,57;0,9;0,882;;;;;All pions and an equal amount of electrons, Scaled as follows: x=x/max(x)
M15;8;;;;;;;;256;;ReLU;Categorical Crossentropy;SGD;32;0,01;0,9;50;0,55;0,57;0,9;0,882;;;;;All pions and an equal amount of electrons, Scaled as follows: x=x/max(x)
M15;9;;;;;;;;256;;ReLU;Categorical Crossentropy;SGD;32;0,01;0,9;50;0,55;0,57;0,9;0,882;;;;;All pions and an equal amount of electrons, Scaled as follows: x=x/max(x)
M15;10;;;;;;;;256;;ReLU;Categorical Crossentropy;SGD;32;0,01;0,9;50;0,55;0,57;0,9;0,882;;;;;All pions and an equal amount of electrons, Scaled as follows: x=x/max(x)
M15;11;;;;;;;;128;;ReLU;Categorical Crossentropy;SGD;32;0,01;0,9;50;0,55;0,57;0,9;0,882;;;;;All pions and an equal amount of electrons, Scaled as follows: x=x/max(x)
M15;12;;;;;;;;64;;ReLU;Categorical Crossentropy;SGD;32;0,01;0,9;50;0,55;0,57;0,9;0,882;;;;;All pions and an equal amount of electrons, Scaled as follows: x=x/max(x)
M15;13;;;;;;;;64;;ReLU;Categorical Crossentropy;SGD;32;0,01;0,9;50;0,55;0,57;0,9;0,882;;;;;All pions and an equal amount of electrons, Scaled as follows: x=x/max(x)
M15;14;;;;;;;;32;;ReLU;Categorical Crossentropy;SGD;32;0,01;0,9;50;0,55;0,57;0,9;0,882;;;;;All pions and an equal amount of electrons, Scaled as follows: x=x/max(x)
M15;15;;;;;;;;2;TRUE;SoftMax;Categorical Crossentropy;SGD;32;0,01;0,9;50;0,55;0,57;0,9;0,882;;;;;All pions and an equal amount of electrons, Scaled as follows: x=x/max(x)
M16;1;;TRUE;;16;17x24;;;;;ReLU;Binary Crossentropy;Adam;32;0,00001;;50;0,74;0,735;0,9;0,06;;;;;Chamber Gain Corrected, tracks that have 6 tracklets, all electrons and an equal number of pions, unscaled
M16;2;;;;;;;;12;;Sigmoid;Binary Crossentropy;Adam;32;0,00001;;50;0,74;0,735;0,9;0,06;;;;;Chamber Gain Corrected, tracks that have 6 tracklets, all electrons and an equal number of pions, unscaled
M16;3;;;;;;;;1;TRUE;Sigmoid;Binary Crossentropy;Adam;32;0,00001;;50;0,74;0,735;0,9;0,06;;;;;Chamber Gain Corrected, tracks that have 6 tracklets, all electrons and an equal number of pions, unscaled
M17;1;;TRUE;;16;8x12;;;;;ReLU;Binary Crossentropy;Adam;32;0,00001;;50;0,77;0,75;0,9;0,0298;;;;;Chamber Gain Corrected, tracks that have 6 tracklets, all electrons and an equal number of pions, unscaled
M17;2;;TRUE;;32;5x6;;;;;ReLU;Binary Crossentropy;Adam;32;0,00001;;50;0,77;0,75;0,9;0,0298;;;;;Chamber Gain Corrected, tracks that have 6 tracklets, all electrons and an equal number of pions, unscaled
M17;3;;;;;;;;256;;Sigmoid;Binary Crossentropy;Adam;32;0,00001;;50;0,77;0,75;0,9;0,0298;;;;;Chamber Gain Corrected, tracks that have 6 tracklets, all electrons and an equal number of pions, unscaled
M17;4;;;;;;;;1;TRUE;ReLU;Binary Crossentropy;Adam;32;0,00001;;50;0,77;0,75;0,9;0,0298;;;;;Chamber Gain Corrected, tracks that have 6 tracklets, all electrons and an equal number of pions, unscaled
M18;1;;TRUE;;16;17x24;;;;;Sigmoid;Binary Crossentropy;Adam;32;0,00001;;50;0,74;0,735;0,9;0,053;;;;;Chamber Gain Corrected, tracks that have 6 tracklets, all electrons and an equal number of pions, unscaled
M18;2;;;;;;;;256;;Sigmoid;Binary Crossentropy;Adam;32;0,00001;;50;0,74;0,735;0,9;0,053;;;;;Chamber Gain Corrected, tracks that have 6 tracklets, all electrons and an equal number of pions, unscaled
M18;3;;;;;;;;128;;Sigmoid;Binary Crossentropy;Adam;32;0,00001;;50;0,74;0,735;0,9;0,053;;;;;Chamber Gain Corrected, tracks that have 6 tracklets, all electrons and an equal number of pions, unscaled
M18;4;;;;;;;;64;;Sigmoid;Binary Crossentropy;Adam;32;0,00001;;50;0,74;0,735;0,9;0,053;;;;;Chamber Gain Corrected, tracks that have 6 tracklets, all electrons and an equal number of pions, unscaled
M18;5;;;;;;;;32;;Sigmoid;Binary Crossentropy;Adam;32;0,00001;;50;0,74;0,735;0,9;0,053;;;;;Chamber Gain Corrected, tracks that have 6 tracklets, all electrons and an equal number of pions, unscaled
M18;6;;;;;;;;1;TRUE;Sigmoid;Binary Crossentropy;Adam;32;0,00001;;50;0,74;0,735;0,9;0,053;;;;;Chamber Gain Corrected, tracks that have 6 tracklets, all electrons and an equal number of pions, unscaled
M19;1;;TRUE;;16;8x12;;;;;ReLU;Binary Crossentropy;Adam;32;0,00001;;50;0,765;0,74;0,9;0,022;;;;;Chamber Gain Corrected, tracks that have 6 tracklets, all electrons and an equal number of pions, unscaled
M19;2;;TRUE;;32;5x6;;;;;ReLU;Binary Crossentropy;Adam;32;0,00001;;50;0,765;0,74;0,9;0,022;;;;;Chamber Gain Corrected, tracks that have 6 tracklets, all electrons and an equal number of pions, unscaled
M19;3;;TRUE;;64;3x4;;;;;ReLU;Binary Crossentropy;Adam;32;0,00001;;50;0,765;0,74;0,9;0,022;;;;;Chamber Gain Corrected, tracks that have 6 tracklets, all electrons and an equal number of pions, unscaled
M19;4;;TRUE;;128;2x3;;;;;ReLU;Binary Crossentropy;Adam;32;0,00001;;50;0,765;0,74;0,9;0,022;;;;;Chamber Gain Corrected, tracks that have 6 tracklets, all electrons and an equal number of pions, unscaled
M19;5;;;;;;;;512;;Sigmoid;Binary Crossentropy;Adam;32;0,00001;;50;0,765;0,74;0,9;0,022;;;;;Chamber Gain Corrected, tracks that have 6 tracklets, all electrons and an equal number of pions, unscaled
M19;6;;;;;;;;256;;Sigmoid;Binary Crossentropy;Adam;32;0,00001;;50;0,765;0,74;0,9;0,022;;;;;Chamber Gain Corrected, tracks that have 6 tracklets, all electrons and an equal number of pions, unscaled
M19;7;;;;;;;;128;;Sigmoid;Binary Crossentropy;Adam;32;0,00001;;50;0,765;0,74;0,9;0,022;;;;;Chamber Gain Corrected, tracks that have 6 tracklets, all electrons and an equal number of pions, unscaled
M19;8;;;;;;;;64;;Sigmoid;Binary Crossentropy;Adam;32;0,00001;;50;0,765;0,74;0,9;0,022;;;;;Chamber Gain Corrected, tracks that have 6 tracklets, all electrons and an equal number of pions, unscaled
M19;9;;;;;;;;1;TRUE;Sigmoid;Binary Crossentropy;Adam;32;0,00001;;50;0,765;0,74;0,9;0,022;;;;;Chamber Gain Corrected, tracks that have 6 tracklets, all electrons and an equal number of pions, unscaled
M20;1;;TRUE;;16;3x3;TRUE;;;;ReLU;Binary Crossentropy;Adam;32;0,00001;;50;0,741;0,732;0,9;0,0556;;;;;Chamber Gain Corrected, tracks that have 6 tracklets, all electrons and an equal number of pions, unscaled
M20;2;;TRUE;;32;3x3;TRUE;;;;ReLU;Binary Crossentropy;Adam;32;0,00001;;50;0,741;0,732;0,9;0,0556;;;;;Chamber Gain Corrected, tracks that have 6 tracklets, all electrons and an equal number of pions, unscaled
M20;3;;TRUE;;64;2x2;;;;;ReLU;Binary Crossentropy;Adam;32;0,00001;;50;0,741;0,732;0,9;0,0556;;;;;Chamber Gain Corrected, tracks that have 6 tracklets, all electrons and an equal number of pions, unscaled
M20;4;;;;;;;;128;;Sigmoid;Binary Crossentropy;Adam;32;0,00001;;50;0,741;0,732;0,9;0,0556;;;;;Chamber Gain Corrected, tracks that have 6 tracklets, all electrons and an equal number of pions, unscaled
M20;5;;;;;;;;128;;Sigmoid;Binary Crossentropy;Adam;32;0,00001;;50;0,741;0,732;0,9;0,0556;;;;;Chamber Gain Corrected, tracks that have 6 tracklets, all electrons and an equal number of pions, unscaled
M20;6;;;;;;;;128;;Sigmoid;Binary Crossentropy;Adam;32;0,00001;;50;0,741;0,732;0,9;0,0556;;;;;Chamber Gain Corrected, tracks that have 6 tracklets, all electrons and an equal number of pions, unscaled
M20;7;;;;;;;;1;TRUE;Sigmoid;Binary Crossentropy;Adam;32;0,00001;;50;0,741;0,732;0,9;0,0556;;;;;Chamber Gain Corrected, tracks that have 6 tracklets, all electrons and an equal number of pions, unscaled
M21;1;;TRUE;;16;17x24;;;;;ReLU;Binary Crossentropy;Adam;32;0,00001;;20;0,72;0,718;0,9;0,255;;;;;Chamber Gain Corrected, tracks that have 6 tracklets, all electrons and an equal number of pions, scaled as follows: x=x/max(x)
M21;2;;;;;;;0,8;128;;Sigmoid;Binary Crossentropy;Adam;32;0,00001;;20;0,72;0,718;0,9;0,255;;;;;Chamber Gain Corrected, tracks that have 6 tracklets, all electrons and an equal number of pions, scaled as follows: x=x/max(x)
M21;3;;;;;;;;1;TRUE;Sigmoid;Binary Crossentropy;Adam;32;0,00001;;20;0,72;0,718;0,9;0,255;;;;;Chamber Gain Corrected, tracks that have 6 tracklets, all electrons and an equal number of pions, scaled as follows: x=x/max(x)
M22;1;;TRUE;;16;17x24;;;;;ReLU;Binary Crossentropy;Adam;32;0,00001;;20;0,72;0,72;0,9;0,157;;;;;Chamber Gain Corrected, tracks that have 6 tracklets, all electrons and an equal number of pions, scaled as follows: x=x/max(x)
M22;2;;;;;;;0,2;128;;Sigmoid;Binary Crossentropy;Adam;32;0,00001;;20;0,72;0,72;0,9;0,157;;;;;Chamber Gain Corrected, tracks that have 6 tracklets, all electrons and an equal number of pions, scaled as follows: x=x/max(x)
M22;3;;;;;;;0,2;64;;Sigmoid;Binary Crossentropy;Adam;32;0,00001;;20;0,72;0,72;0,9;0,157;;;;;Chamber Gain Corrected, tracks that have 6 tracklets, all electrons and an equal number of pions, scaled as follows: x=x/max(x)
M22;4;;;;;;;;1;TRUE;Sigmoid;Binary Crossentropy;Adam;32;0,00001;;20;0,72;0,72;0,9;0,157;;;;;Chamber Gain Corrected, tracks that have 6 tracklets, all electrons and an equal number of pions, scaled as follows: x=x/max(x)
M23;1;;TRUE;;16;17x24;;;;;ReLU;Binary Crossentropy;Adam;32;0,00001;;20;0,72;0,72;0,9;0,163;;;;;Chamber Gain Corrected, tracks that have 6 tracklets, all electrons and an equal number of pions, scaled as follows: x=x/max(x)
M23;2;;;;;;;0,2;256;;Sigmoid;Binary Crossentropy;Adam;32;0,00001;;20;0,72;0,72;0,9;0,163;;;;;Chamber Gain Corrected, tracks that have 6 tracklets, all electrons and an equal number of pions, scaled as follows: x=x/max(x)
M23;3;;;;;;;0,2;128;;Sigmoid;Binary Crossentropy;Adam;32;0,00001;;20;0,72;0,72;0,9;0,163;;;;;Chamber Gain Corrected, tracks that have 6 tracklets, all electrons and an equal number of pions, scaled as follows: x=x/max(x)
M23;4;;;;;;;0,2;64;;Sigmoid;Binary Crossentropy;Adam;32;0,00001;;20;0,72;0,72;0,9;0,163;;;;;Chamber Gain Corrected, tracks that have 6 tracklets, all electrons and an equal number of pions, scaled as follows: x=x/max(x)
M23;5;;;;;;;;1;TRUE;Sigmoid;Binary Crossentropy;Adam;32;0,00001;;20;0,72;0,72;0,9;0,163;;;;;Chamber Gain Corrected, tracks that have 6 tracklets, all electrons and an equal number of pions, scaled as follows: x=x/max(x)
M24;1;;TRUE;;16;17x24;;;;;ReLU;Binary Crossentropy;Adam;32;0,00001;;20;0,72;0,719;0,9;0,134;;;;;Chamber Gain Corrected, tracks that have 6 tracklets, all electrons and an equal number of pions, scaled as follows: x=x/max(x)
M24;2;;;;;;;0,2;512;;Sigmoid;Binary Crossentropy;Adam;32;0,00001;;20;0,72;0,719;0,9;0,134;;;;;Chamber Gain Corrected, tracks that have 6 tracklets, all electrons and an equal number of pions, scaled as follows: x=x/max(x)
M24;3;;;;;;;0,2;256;;Sigmoid;Binary Crossentropy;Adam;32;0,00001;;20;0,72;0,719;0,9;0,134;;;;;Chamber Gain Corrected, tracks that have 6 tracklets, all electrons and an equal number of pions, scaled as follows: x=x/max(x)
M24;4;;;;;;;0,2;128;;Sigmoid;Binary Crossentropy;Adam;32;0,00001;;20;0,72;0,719;0,9;0,134;;;;;Chamber Gain Corrected, tracks that have 6 tracklets, all electrons and an equal number of pions, scaled as follows: x=x/max(x)
M24;5;;;;;;;;1;TRUE;Sigmoid;Binary Crossentropy;Adam;32;0,00001;;20;0,72;0,719;0,9;0,134;;;;;Chamber Gain Corrected, tracks that have 6 tracklets, all electrons and an equal number of pions, scaled as follows: x=x/max(x)
M25;1;;TRUE;;16;3x3;;;;;ReLU;Binary Crossentropy;Adam;32;0,00001;;20;0,73;0,727;0,9;0,112;;;;;Chamber Gain Corrected, tracks that have 6 tracklets, all electrons and an equal number of pions, scaled as follows: x=x/max(x)
M25;2;;;;;;;0,2;128;;Sigmoid;Binary Crossentropy;Adam;32;0,00001;;20;0,73;0,727;0,9;0,112;;;;;Chamber Gain Corrected, tracks that have 6 tracklets, all electrons and an equal number of pions, scaled as follows: x=x/max(x)
M25;3;;;;;;;;1;TRUE;Sigmoid;Binary Crossentropy;Adam;32;0,00001;;20;0,73;0,727;0,9;0,112;;;;;Chamber Gain Corrected, tracks that have 6 tracklets, all electrons and an equal number of pions, scaled as follows: x=x/max(x)
M26;1;;TRUE;;16;3x3;;;;;ReLU;Binary Crossentropy;Adam;32;0,00001;;20;0,729;0,728;0,9;0,0856;;;;;Chamber Gain Corrected, tracks that have 6 tracklets, all electrons and an equal number of pions, scaled as follows: x=x/max(x)
M26;2;;;;;;;0,2;256;;Sigmoid;Binary Crossentropy;Adam;32;0,00001;;20;0,729;0,728;0,9;0,0856;;;;;Chamber Gain Corrected, tracks that have 6 tracklets, all electrons and an equal number of pions, scaled as follows: x=x/max(x)
M26;3;;;;;;;0,2;128;;Sigmoid;Binary Crossentropy;Adam;32;0,00001;;20;0,729;0,728;0,9;0,0856;;;;;Chamber Gain Corrected, tracks that have 6 tracklets, all electrons and an equal number of pions, scaled as follows: x=x/max(x)
M26;4;;;;;;;;1;TRUE;Sigmoid;Binary Crossentropy;Adam;32;0,00001;;20;0,729;0,728;0,9;0,0856;;;;;Chamber Gain Corrected, tracks that have 6 tracklets, all electrons and an equal number of pions, scaled as follows: x=x/max(x)
M27;1;0,2;;;;;;;;;None;Binary Crossentropy;Adam;32;0,00001;;20;0,55;0,565;0,9;0,4178;;;;;Chamber Gain Corrected, tracks that have 6 tracklets, all electrons and an equal number of pions, scaled as follows: x=x/max(x)
M27;2;;TRUE;;16;3x3;;;;;ReLU;Binary Crossentropy;Adam;32;0,00001;;20;0,55;0,565;0,9;0,4178;;;;;Chamber Gain Corrected, tracks that have 6 tracklets, all electrons and an equal number of pions, scaled as follows: x=x/max(x)
M27;3;;TRUE;;32;3x3;TRUE;;;;ReLU;Binary Crossentropy;Adam;32;0,00001;;20;0,55;0,565;0,9;0,4178;;;;;Chamber Gain Corrected, tracks that have 6 tracklets, all electrons and an equal number of pions, scaled as follows: x=x/max(x)
M27;4;;;;;;;0,2;256;;Sigmoid;Binary Crossentropy;Adam;32;0,00001;;20;0,55;0,565;0,9;0,4178;;;;;Chamber Gain Corrected, tracks that have 6 tracklets, all electrons and an equal number of pions, scaled as follows: x=x/max(x)
M27;5;;;;;;;0,2;128;;Sigmoid;Binary Crossentropy;Adam;32;0,00001;;20;0,55;0,565;0,9;0,4178;;;;;Chamber Gain Corrected, tracks that have 6 tracklets, all electrons and an equal number of pions, scaled as follows: x=x/max(x)
M27;6;;;;;;;;1;TRUE;Sigmoid;Binary Crossentropy;Adam;32;0,00001;;20;0,55;0,565;0,9;0,4178;;;;;Chamber Gain Corrected, tracks that have 6 tracklets, all electrons and an equal number of pions, scaled as follows: x=x/max(x)
M28;1;;TRUE;;16;3x3;;;;;ReLU;Binary Crossentropy;Adam;32;0,00001;;20;0,73;0,728;0,9;0,1003;;;;;Chamber Gain Corrected, tracks that have 6 tracklets, all electrons and an equal number of pions, scaled as follows: x=x/max(x)
M28;2;;TRUE;;32;3x3;TRUE;;;;ReLU;Binary Crossentropy;Adam;32;0,00001;;20;0,73;0,728;0,9;0,1003;;;;;Chamber Gain Corrected, tracks that have 6 tracklets, all electrons and an equal number of pions, scaled as follows: x=x/max(x)
M28;3;;;;;;;0,2;512;;Sigmoid;Binary Crossentropy;Adam;32;0,00001;;20;0,73;0,728;0,9;0,1003;;;;;Chamber Gain Corrected, tracks that have 6 tracklets, all electrons and an equal number of pions, scaled as follows: x=x/max(x)
M28;4;;;;;;;0,2;256;;Sigmoid;Binary Crossentropy;Adam;32;0,00001;;20;0,73;0,728;0,9;0,1003;;;;;Chamber Gain Corrected, tracks that have 6 tracklets, all electrons and an equal number of pions, scaled as follows: x=x/max(x)
M28;5;;;;;;;0,2;128;;Sigmoid;Binary Crossentropy;Adam;32;0,00001;;20;0,73;0,728;0,9;0,1003;;;;;Chamber Gain Corrected, tracks that have 6 tracklets, all electrons and an equal number of pions, scaled as follows: x=x/max(x)
M28;6;;;;;;;;1;TRUE;Sigmoid;Binary Crossentropy;Adam;32;0,00001;;20;0,73;0,728;0,9;0,1003;;;;;Chamber Gain Corrected, tracks that have 6 tracklets, all electrons and an equal number of pions, scaled as follows: x=x/max(x)
M29;1;0,2;;;;;;;;;None;Binary Crossentropy;Adam;32;0,00001;;20;0,525;0,675;0,9;0,4885;;;;;Chamber Gain Corrected, tracks that have 6 tracklets, all electrons and an equal number of pions, scaled as follows: x=x/max(x)
M29;2;;TRUE;;16;17x24;;;;;ReLU;Binary Crossentropy;Adam;32;0,00001;;20;0,525;0,675;0,9;0,4885;;;;;Chamber Gain Corrected, tracks that have 6 tracklets, all electrons and an equal number of pions, scaled as follows: x=x/max(x)
M29;3;;;;;;;0,8;128;;Sigmoid;Binary Crossentropy;Adam;32;0,00001;;20;0,525;0,675;0,9;0,4885;;;;;Chamber Gain Corrected, tracks that have 6 tracklets, all electrons and an equal number of pions, scaled as follows: x=x/max(x)
M29;4;;;;;;;;1;TRUE;Sigmoid;Binary Crossentropy;Adam;32;0,00001;;20;0,525;0,675;0,9;0,4885;;;;;Chamber Gain Corrected, tracks that have 6 tracklets, all electrons and an equal number of pions, scaled as follows: x=x/max(x)
M30;1;0,2;;;;;;;;;None;Binary Crossentropy;Adam;32;0,00001;;20;0,545;0,69;0,9;0,474;;;;;Chamber Gain Corrected, tracks that have 6 tracklets, all electrons and an equal number of pions, scaled as follows: x=x/max(x)
M30;2;;TRUE;;16;17x24;;;;;ReLU;Binary Crossentropy;Adam;32;0,00001;;20;0,545;0,69;0,9;0,474;;;;;Chamber Gain Corrected, tracks that have 6 tracklets, all electrons and an equal number of pions, scaled as follows: x=x/max(x)
M30;3;;;;;;;;128;;Sigmoid;Binary Crossentropy;Adam;32;0,00001;;20;0,545;0,69;0,9;0,474;;;;;Chamber Gain Corrected, tracks that have 6 tracklets, all electrons and an equal number of pions, scaled as follows: x=x/max(x)
M30;4;;;;;;;0,2;64;;Sigmoid;Binary Crossentropy;Adam;32;0,00001;;20;0,545;0,69;0,9;0,474;;;;;Chamber Gain Corrected, tracks that have 6 tracklets, all electrons and an equal number of pions, scaled as follows: x=x/max(x)
;;;;;;;;0,2;1;TRUE;Sigmoid;Binary Crossentropy;Adam;32;0,00001;;20;0,545;0,69;0,9;0,474;;;;;Chamber Gain Corrected, tracks that have 6 tracklets, all electrons and an equal number of pions, scaled as follows: x=x/max(x)
M31;1;0,2;;;;;;;;;None;Binary Crossentropy;Adam;32;0,00001;;20;0,55;0,65;0,9;0,4629;;;;;Chamber Gain Corrected, tracks that have 6 tracklets, all electrons and an equal number of pions, scaled as follows: x=x/max(x)
M31;2;;TRUE;;16;17x24;;;;;ReLU;Binary Crossentropy;Adam;32;0,00001;;20;0,55;0,65;0,9;0,4629;;;;;Chamber Gain Corrected, tracks that have 6 tracklets, all electrons and an equal number of pions, scaled as follows: x=x/max(x)
M31;3;;;;;;;0,2;256;;Sigmoid;Binary Crossentropy;Adam;32;0,00001;;20;0,55;0,65;0,9;0,4629;;;;;Chamber Gain Corrected, tracks that have 6 tracklets, all electrons and an equal number of pions, scaled as follows: x=x/max(x)
M31;4;;;;;;;0,2;128;;Sigmoid;Binary Crossentropy;Adam;32;0,00001;;20;0,55;0,65;0,9;0,4629;;;;;Chamber Gain Corrected, tracks that have 6 tracklets, all electrons and an equal number of pions, scaled as follows: x=x/max(x)
M31;5;;;;;;;0,2;64;;Sigmoid;Binary Crossentropy;Adam;32;0,00001;;20;0,55;0,65;0,9;0,4629;;;;;Chamber Gain Corrected, tracks that have 6 tracklets, all electrons and an equal number of pions, scaled as follows: x=x/max(x)
M31;6;;;;;;;;1;TRUE;Sigmoid;Binary Crossentropy;Adam;32;0,00001;;20;0,55;0,65;0,9;0,4629;;;;;Chamber Gain Corrected, tracks that have 6 tracklets, all electrons and an equal number of pions, scaled as follows: x=x/max(x)
M32;1;0,2;;;;;;;;;None;Binary Crossentropy;Adam;32;0,00001;;20;0,551;0,51;0,9;0,319;;;;;Chamber Gain Corrected, tracks that have 6 tracklets, all electrons and an equal number of pions, scaled as follows: x=x/max(x)
M32;2;;TRUE;;16;3x3;;;;;ReLU;Binary Crossentropy;Adam;32;0,00001;;20;0,551;0,51;0,9;0,319;;;;;Chamber Gain Corrected, tracks that have 6 tracklets, all electrons and an equal number of pions, scaled as follows: x=x/max(x)
M32;3;;TRUE;;32;3x3;TRUE;;;;ReLU;Binary Crossentropy;Adam;32;0,00001;;20;0,551;0,51;0,9;0,319;;;;;Chamber Gain Corrected, tracks that have 6 tracklets, all electrons and an equal number of pions, scaled as follows: x=x/max(x)
M32;4;;;;;;;;512;;Sigmoid;Binary Crossentropy;Adam;32;0,00001;;20;0,551;0,51;0,9;0,319;;;;;Chamber Gain Corrected, tracks that have 6 tracklets, all electrons and an equal number of pions, scaled as follows: x=x/max(x)
M32;5;;;;;;;;256;;Sigmoid;Binary Crossentropy;Adam;32;0,00001;;20;0,551;0,51;0,9;0,319;;;;;Chamber Gain Corrected, tracks that have 6 tracklets, all electrons and an equal number of pions, scaled as follows: x=x/max(x)
M32;6;;;;;;;;128;;Sigmoid;Binary Crossentropy;Adam;32;0,00001;;20;0,551;0,51;0,9;0,319;;;;;Chamber Gain Corrected, tracks that have 6 tracklets, all electrons and an equal number of pions, scaled as follows: x=x/max(x)
M32;7;;;;;;;;1;TRUE;Sigmoid;Binary Crossentropy;Adam;32;0,00001;;20;0,551;0,51;0,9;0,319;;;;;Chamber Gain Corrected, tracks that have 6 tracklets, all electrons and an equal number of pions, scaled as follows: x=x/max(x)
M33;1;;TRUE;;16;8x12;;;;;ReLU;Binary Crossentropy;Adam;32;0,00001;;20;0,729;0,726;0,9;0,0869;;;;;Chamber Gain Corrected, tracks that have 6 tracklets, all electrons and an equal number of pions, scaled as follows: x=x/max(x)
M33;2;;TRUE;;16;5x5;TRUE;;;;ReLU;Binary Crossentropy;Adam;32;0,00001;;20;0,729;0,726;0,9;0,0869;;;;;Chamber Gain Corrected, tracks that have 6 tracklets, all electrons and an equal number of pions, scaled as follows: x=x/max(x)
M33;3;;TRUE;;16;3x3;;;;;ReLU;Binary Crossentropy;Adam;32;0,00001;;20;0,729;0,726;0,9;0,0869;;;;;Chamber Gain Corrected, tracks that have 6 tracklets, all electrons and an equal number of pions, scaled as follows: x=x/max(x)
M33;4;;;;;;;0,8;128;;Sigmoid;Binary Crossentropy;Adam;32;0,00001;;20;0,729;0,726;0,9;0,0869;;;;;Chamber Gain Corrected, tracks that have 6 tracklets, all electrons and an equal number of pions, scaled as follows: x=x/max(x)
M33;5;;;;;;;;1;TRUE;Sigmoid;Binary Crossentropy;Adam;32;0,00001;;20;0,729;0,726;0,9;0,0869;;;;;Chamber Gain Corrected, tracks that have 6 tracklets, all electrons and an equal number of pions, scaled as follows: x=x/max(x)
M34;1;;TRUE;;16;3x3;;;;;ReLU;Binary Crossentropy;Adam;32;0,00001;;20;0,739;0,738;0,9;0,0571;;;;;Chamber Gain Corrected, tracks that have 6 tracklets, all electrons and an equal number of pions, scaled as follows: x=x/max(x)
M34;2;;;;;;;0,2;256;;Sigmoid;Binary Crossentropy;Adam;32;0,00001;;20;0,739;0,738;0,9;0,0571;;;;;Chamber Gain Corrected, tracks that have 6 tracklets, all electrons and an equal number of pions, scaled as follows: x=x/max(x)
M34;3;;;;;;;0,2;128;;Sigmoid;Binary Crossentropy;Adam;32;0,00001;;20;0,739;0,738;0,9;0,0571;;;;;Chamber Gain Corrected, tracks that have 6 tracklets, all electrons and an equal number of pions, scaled as follows: x=x/max(x)
M34;4;;;;;;;;1;TRUE;Sigmoid;Binary Crossentropy;Adam;32;0,00001;;20;0,739;0,738;0,9;0,0571;;;;;Chamber Gain Corrected, tracks that have 6 tracklets, all electrons and an equal number of pions, scaled as follows: x=x/max(x)
M35;1;;TRUE;;16;3x3;;;;;ReLU;Binary Crossentropy;Adam;32;0,00001;;100;0,738;0,737;0,9;0,0645;;;;;Chamber Gain Corrected, tracks that have 6 tracklets, all electrons and an equal number of pions, scaled as follows: x=x/max(x)
M35;2;;;;;;;0,2;256;;Sigmoid;Binary Crossentropy;Adam;32;0,00001;;100;0,738;0,737;0,9;0,0645;;;;;Chamber Gain Corrected, tracks that have 6 tracklets, all electrons and an equal number of pions, scaled as follows: x=x/max(x)
M35;3;;;;;;;0,2;128;;Sigmoid;Binary Crossentropy;Adam;32;0,00001;;100;0,738;0,737;0,9;0,0645;;;;;Chamber Gain Corrected, tracks that have 6 tracklets, all electrons and an equal number of pions, scaled as follows: x=x/max(x)
M35;4;;;;;;;0,2;128;;Sigmoid;Binary Crossentropy;Adam;32;0,00001;;100;0,738;0,737;0,9;0,0645;;;;;Chamber Gain Corrected, tracks that have 6 tracklets, all electrons and an equal number of pions, scaled as follows: x=x/max(x)
M35;5;;;;;;;0,2;128;;Sigmoid;Binary Crossentropy;Adam;32;0,00001;;100;0,738;0,737;0,9;0,0645;;;;;Chamber Gain Corrected, tracks that have 6 tracklets, all electrons and an equal number of pions, scaled as follows: x=x/max(x)
M35;6;;;;;;;0,2;128;;Sigmoid;Binary Crossentropy;Adam;32;0,00001;;100;0,738;0,737;0,9;0,0645;;;;;Chamber Gain Corrected, tracks that have 6 tracklets, all electrons and an equal number of pions, scaled as follows: x=x/max(x)
M35;7;;;;;;;;1;TRUE;Sigmoid;Binary Crossentropy;Adam;32;0,00001;;100;0,738;0,737;0,9;0,0645;;;;;Chamber Gain Corrected, tracks that have 6 tracklets, all electrons and an equal number of pions, scaled as follows: x=x/max(x)
M36;1;;TRUE;;16;3x3;;;;;ReLU;Binary Crossentropy;Adam;32;0,0000001;;100;0,715;0,71;0,9;0,2411;;;;;Chamber Gain Corrected, tracks that have 6 tracklets, all electrons and an equal number of pions, scaled as follows: x=x/max(x)
M36;2;;;;;;;0,2;256;;Sigmoid;Binary Crossentropy;Adam;32;0,0000001;;100;0,715;0,71;0,9;0,2411;;;;;Chamber Gain Corrected, tracks that have 6 tracklets, all electrons and an equal number of pions, scaled as follows: x=x/max(x)
M36;3;;;;;;;0,2;128;;Sigmoid;Binary Crossentropy;Adam;32;0,0000001;;100;0,715;0,71;0,9;0,2411;;;;;Chamber Gain Corrected, tracks that have 6 tracklets, all electrons and an equal number of pions, scaled as follows: x=x/max(x)
M36;4;;;;;;;0,2;128;;Sigmoid;Binary Crossentropy;Adam;32;0,0000001;;100;0,715;0,71;0,9;0,2411;;;;;Chamber Gain Corrected, tracks that have 6 tracklets, all electrons and an equal number of pions, scaled as follows: x=x/max(x)
M36;5;;;;;;;0,2;128;;Sigmoid;Binary Crossentropy;Adam;32;0,0000001;;100;0,715;0,71;0,9;0,2411;;;;;Chamber Gain Corrected, tracks that have 6 tracklets, all electrons and an equal number of pions, scaled as follows: x=x/max(x)
M36;6;;;;;;;0,2;128;;Sigmoid;Binary Crossentropy;Adam;32;0,0000001;;100;0,715;0,71;0,9;0,2411;;;;;Chamber Gain Corrected, tracks that have 6 tracklets, all electrons and an equal number of pions, scaled as follows: x=x/max(x)
M36;7;;;;;;;;1;TRUE;Sigmoid;Binary Crossentropy;Adam;32;0,0000001;;100;0,715;0,71;0,9;0,2411;;;;;Chamber Gain Corrected, tracks that have 6 tracklets, all electrons and an equal number of pions, scaled as follows: x=x/max(x)
M37;1;;TRUE;;16;3x3;;;;;ReLU;Binary Crossentropy;Adam;32;0,00001;;100;0,749;0,745;0,9;0,0451;;;;;Chamber Gain Corrected, tracks that have 6 tracklets, all electrons and an equal number of pions, scaled as follows: x=x/max(x)
M37;2;;TRUE;;32;3x3;TRUE;;;;ReLU;Binary Crossentropy;Adam;32;0,00001;;100;0,749;0,745;0,9;0,0451;;;;;Chamber Gain Corrected, tracks that have 6 tracklets, all electrons and an equal number of pions, scaled as follows: x=x/max(x)
M37;3;;;;;;;0,2;512;;Sigmoid;Binary Crossentropy;Adam;32;0,00001;;100;0,749;0,745;0,9;0,0451;;;;;Chamber Gain Corrected, tracks that have 6 tracklets, all electrons and an equal number of pions, scaled as follows: x=x/max(x)
M37;4;;;;;;;0,2;256;;Sigmoid;Binary Crossentropy;Adam;32;0,00001;;100;0,749;0,745;0,9;0,0451;;;;;Chamber Gain Corrected, tracks that have 6 tracklets, all electrons and an equal number of pions, scaled as follows: x=x/max(x)
M37;5;;;;;;;0,2;128;;Sigmoid;Binary Crossentropy;Adam;32;0,00001;;100;0,749;0,745;0,9;0,0451;;;;;Chamber Gain Corrected, tracks that have 6 tracklets, all electrons and an equal number of pions, scaled as follows: x=x/max(x)
M37;6;;;;;;;;1;TRUE;Sigmoid;Binary Crossentropy;Adam;32;0,00001;;200;0,749;0,745;0,9;0,0451;;;;;Chamber Gain Corrected, tracks that have 6 tracklets, all electrons and an equal number of pions, scaled as follows: x=x/max(x)
M38;1;;TRUE;TRUE;16;3x5;;;;;ReLU;Binary Crossentropy;Adam;32;0,00001;;200;0,751;0,748;0,9;0,03875;;;;;Chamber Gain Corrected, tracks that have 6 tracklets, all electrons and an equal number of pions, scaled as follows: x=x/max(x)
M38;2;;TRUE;;32;3x5;TRUE;;;;ReLU;Binary Crossentropy;Adam;32;0,00001;;200;0,751;0,748;0,9;0,03875;;;;;Chamber Gain Corrected, tracks that have 6 tracklets, all electrons and an equal number of pions, scaled as follows: x=x/max(x)
M38;3;;;;;;;0,2;512;;Sigmoid;Binary Crossentropy;Adam;32;0,00001;;200;0,751;0,748;0,9;0,03875;;;;;Chamber Gain Corrected, tracks that have 6 tracklets, all electrons and an equal number of pions, scaled as follows: x=x/max(x)
M38;4;;;;;;;0,2;256;;Sigmoid;Binary Crossentropy;Adam;32;0,00001;;200;0,751;0,748;0,9;0,03875;;;;;Chamber Gain Corrected, tracks that have 6 tracklets, all electrons and an equal number of pions, scaled as follows: x=x/max(x)
M38;5;;;;;;;0,2;128;;Sigmoid;Binary Crossentropy;Adam;32;0,00001;;200;0,751;0,748;0,9;0,03875;;;;;Chamber Gain Corrected, tracks that have 6 tracklets, all electrons and an equal number of pions, scaled as follows: x=x/max(x)
M38;6;;;;;;;;1;TRUE;Sigmoid;Binary Crossentropy;Adam;32;0,00001;;200;0,751;0,748;0,9;0,03875;;;;;Chamber Gain Corrected, tracks that have 6 tracklets, all electrons and an equal number of pions, scaled as follows: x=x/max(x)
M39;1;;TRUE;TRUE;16;3x5;;;;;ReLU;Binary Crossentropy;Adam;32;0,00001;;200;0,741;0,74;0,9;0,0424;;;;;Chamber Gain Corrected, tracks that have 6 tracklets, all electrons and an equal number of pions, scaled as follows: x=x/max(x)
M39;2;;TRUE;;32;3x5;TRUE;;;;ReLU;Binary Crossentropy;Adam;32;0,00001;;200;0,741;0,74;0,9;0,0424;;;;;Chamber Gain Corrected, tracks that have 6 tracklets, all electrons and an equal number of pions, scaled as follows: x=x/max(x)
M39;3;;;;;;;0,5;512;;Sigmoid;Binary Crossentropy;Adam;32;0,00001;;200;0,741;0,74;0,9;0,0424;;;;;Chamber Gain Corrected, tracks that have 6 tracklets, all electrons and an equal number of pions, scaled as follows: x=x/max(x)
M39;4;;;;;;;0,5;256;;Sigmoid;Binary Crossentropy;Adam;32;0,00001;;200;0,741;0,74;0,9;0,0424;;;;;Chamber Gain Corrected, tracks that have 6 tracklets, all electrons and an equal number of pions, scaled as follows: x=x/max(x)
M39;5;;;;;;;0,5;128;;Sigmoid;Binary Crossentropy;Adam;32;0,00001;;200;0,741;0,74;0,9;0,0424;;;;;Chamber Gain Corrected, tracks that have 6 tracklets, all electrons and an equal number of pions, scaled as follows: x=x/max(x)
M39;6;;;;;;;;1;TRUE;Sigmoid;Binary Crossentropy;Adam;32;0,00001;;200;0,741;0,74;0,9;0,0424;;;;;Chamber Gain Corrected, tracks that have 6 tracklets, all electrons and an equal number of pions, scaled as follows: x=x/max(x)
M40;1;;TRUE;TRUE;32;3x5;;;;;ReLU;Binary Crossentropy;Adam;32;0,00001;;100;0,75;0,749;0,9;0,0425;;;;;Chamber Gain Corrected, tracks that have 6 tracklets, all electrons and an equal number of pions, scaled as follows: x=x/max(x)
M40;2;;TRUE;;34;3x5;TRUE;;;;ReLU;Binary Crossentropy;Adam;32;0,00001;;100;0,75;0,749;0,9;0,0425;;;;;Chamber Gain Corrected, tracks that have 6 tracklets, all electrons and an equal number of pions, scaled as follows: x=x/max(x)
M40;3;;;;;;;0,2;512;;Sigmoid;Binary Crossentropy;Adam;32;0,00001;;100;0,75;0,749;0,9;0,0425;;;;;Chamber Gain Corrected, tracks that have 6 tracklets, all electrons and an equal number of pions, scaled as follows: x=x/max(x)
M40;4;;;;;;;0,2;256;;Sigmoid;Binary Crossentropy;Adam;32;0,00001;;100;0,75;0,749;0,9;0,0425;;;;;Chamber Gain Corrected, tracks that have 6 tracklets, all electrons and an equal number of pions, scaled as follows: x=x/max(x)
M40;5;;;;;;;0,2;128;;Sigmoid;Binary Crossentropy;Adam;32;0,00001;;100;0,75;0,749;0,9;0,0425;;;;;Chamber Gain Corrected, tracks that have 6 tracklets, all electrons and an equal number of pions, scaled as follows: x=x/max(x)
M40;6;;;;;;;;1;TRUE;Sigmoid;Binary Crossentropy;Adam;32;0,00001;;100;0,75;0,749;0,9;0,0425;;;;;Chamber Gain Corrected, tracks that have 6 tracklets, all electrons and an equal number of pions, scaled as follows: x=x/max(x)
M41;1;;TRUE;TRUE;16;3x5;TRUE;;;;ReLU;Binary Crossentropy;Adam;32;0,00001;;100;0,739;0,738;0,9;0,0496;;;;;Chamber Gain Corrected, tracks that have 6 tracklets, all electrons and an equal number of pions, scaled as follows: x=x/max(x)
M41;2;;TRUE;;32;3x5;TRUE;0,2;512;;ReLU;Binary Crossentropy;Adam;32;0,00001;;100;0,739;0,738;0,9;0,0496;;;;;Chamber Gain Corrected, tracks that have 6 tracklets, all electrons and an equal number of pions, scaled as follows: x=x/max(x)
M41;3;;;;;;;0,2;256;;Sigmoid;Binary Crossentropy;Adam;32;0,00001;;100;0,739;0,738;0,9;0,0496;;;;;Chamber Gain Corrected, tracks that have 6 tracklets, all electrons and an equal number of pions, scaled as follows: x=x/max(x)
M41;4;;;;;;;0,2;128;;Sigmoid;Binary Crossentropy;Adam;32;0,00001;;100;0,739;0,738;0,9;0,0496;;;;;Chamber Gain Corrected, tracks that have 6 tracklets, all electrons and an equal number of pions, scaled as follows: x=x/max(x)
M41;5;;;;;;;;1;TRUE;Sigmoid;Binary Crossentropy;Adam;32;0,00001;;100;0,739;0,738;0,9;0,0496;;;;;Chamber Gain Corrected, tracks that have 6 tracklets, all electrons and an equal number of pions, scaled as follows: x=x/max(x)
M42;1;;TRUE;TRUE;16;3x5;;;;;ReLU;Binary Crossentropy;Adam;32;0,00001;;100;0,75;0,748;0,9;0,0428;;;;;Chamber Gain Corrected, tracks that have 6 tracklets, all electrons and an equal number of pions, scaled as follows: x=x/max(x)
M42;2;;TRUE;;32;3x5;TRUE;;;;ReLU;Binary Crossentropy;Adam;32;0,00001;;100;0,75;0,748;0,9;0,0428;;;;;Chamber Gain Corrected, tracks that have 6 tracklets, all electrons and an equal number of pions, scaled as follows: x=x/max(x)
M42;3;;;;;;;;1024;;Sigmoid;Binary Crossentropy;Adam;32;0,00001;;100;0,75;0,748;0,9;0,0428;;;;;Chamber Gain Corrected, tracks that have 6 tracklets, all electrons and an equal number of pions, scaled as follows: x=x/max(x)
M42;4;;;;;;;0,2;512;;Sigmoid;Binary Crossentropy;Adam;32;0,00001;;100;0,75;0,748;0,9;0,0428;;;;;Chamber Gain Corrected, tracks that have 6 tracklets, all electrons and an equal number of pions, scaled as follows: x=x/max(x)
M42;5;;;;;;;0,2;256;;Sigmoid;Binary Crossentropy;Adam;32;0,00001;;100;0,75;0,748;0,9;0,0428;;;;;Chamber Gain Corrected, tracks that have 6 tracklets, all electrons and an equal number of pions, scaled as follows: x=x/max(x)
M42;6;;;;;;;0,2;128;;Sigmoid;Binary Crossentropy;Adam;32;0,00001;;100;0,75;0,748;0,9;0,0428;;;;;Chamber Gain Corrected, tracks that have 6 tracklets, all electrons and an equal number of pions, scaled as follows: x=x/max(x)
M42;7;;;;;;;0,2;1;TRUE;Sigmoid;Binary Crossentropy;Adam;32;0,00001;;100;0,75;0,748;0,9;0,0428;;;;;Chamber Gain Corrected, tracks that have 6 tracklets, all electrons and an equal number of pions, scaled as follows: x=x/max(x)
M43;1;;TRUE;TRUE;16;3x5;;;;;ReLU;Binary Crossentropy;Adam;32;0,000001;;100;0,72;0,71;0,9;0,103;;;;;Chamber Gain Corrected, tracks that have 6 tracklets, all electrons and an equal number of pions, scaled as follows: x=x/max(x)
M43;2;;TRUE;;32;3x5;TRUE;;;;ReLU;Binary Crossentropy;Adam;32;0,000001;;100;0,72;0,71;0,9;0,103;;;;;Chamber Gain Corrected, tracks that have 6 tracklets, all electrons and an equal number of pions, scaled as follows: x=x/max(x)
M43;3;;;;;;;0,2;512;;Sigmoid;Binary Crossentropy;Adam;32;0,000001;;100;0,72;0,71;0,9;0,103;;;;;Chamber Gain Corrected, tracks that have 6 tracklets, all electrons and an equal number of pions, scaled as follows: x=x/max(x)
M43;4;;;;;;;0,2;256;;Sigmoid;Binary Crossentropy;Adam;32;0,000001;;100;0,72;0,71;0,9;0,103;;;;;Chamber Gain Corrected, tracks that have 6 tracklets, all electrons and an equal number of pions, scaled as follows: x=x/max(x)
M43;5;;;;;;;0,2;128;;Sigmoid;Binary Crossentropy;Adam;32;0,000001;;100;0,72;0,71;0,9;0,103;;;;;Chamber Gain Corrected, tracks that have 6 tracklets, all electrons and an equal number of pions, scaled as follows: x=x/max(x)
M44;5;;;;;;;;1;TRUE;Sigmoid;Binary Crossentropy;Adam;32;0,000001;;100;0,72;0,71;0,9;0,103;;;;;Chamber Gain Corrected, tracks that have 6 tracklets, all electrons and an equal number of pions, scaled as follows: x=x/max(x)
M44;1;;TRUE;TRUE;16;3x5;;;;;ReLU;Binary Crossentropy;Adam;32;0,000001;;100;0,72;0,71;0,9;0,1562;;;;;Chamber Gain Corrected, tracks that have 6 tracklets, all electrons and an equal number of pions, scaled as follows: x=x/max(x)
M44;2;;TRUE;;32;3x5;TRUE;;;;ReLU;Binary Crossentropy;Adam;16;0,0000001;;100;0,715;0,72;0,9;0,1562;;;;;Chamber Gain Corrected, tracks that have 6 tracklets, all electrons and an equal number of pions, scaled as follows: x=x/max(x)
M44;3;;;;;;;0,2;512;;Sigmoid;Binary Crossentropy;Adam;16;0,0000001;;100;0,715;0,72;0,9;0,1562;;;;;Chamber Gain Corrected, tracks that have 6 tracklets, all electrons and an equal number of pions, scaled as follows: x=x/max(x)
M44;4;;;;;;;0,2;256;;Sigmoid;Binary Crossentropy;Adam;16;0,0000001;;100;0,715;0,72;0,9;0,1562;;;;;Chamber Gain Corrected, tracks that have 6 tracklets, all electrons and an equal number of pions, scaled as follows: x=x/max(x)
M44;5;;;;;;;0,2;128;;Sigmoid;Binary Crossentropy;Adam;16;0,0000001;;100;0,715;0,72;0,9;0,1562;;;;;Chamber Gain Corrected, tracks that have 6 tracklets, all electrons and an equal number of pions, scaled as follows: x=x/max(x)
M44;6;;;;;;;;1;TRUE;Sigmoid;Binary Crossentropy;Adam;16;0,0000001;;100;0,715;0,72;0,9;0,1562;;;;;Chamber Gain Corrected, tracks that have 6 tracklets, all electrons and an equal number of pions, scaled as follows: x=x/max(x)
M45;1;;TRUE;TRUE;16;3x5;;;;;ReLU;Binary Crossentropy;Adam;32;0,00001;;100;0,7499;0,7498;0,9;0,0454;;;;;Chamber Gain Corrected, tracks that have 6 tracklets, all electrons and an equal number of pions, scaled as follows: x=x/max(x)
M45;2;;TRUE;;32;3x5;TRUE;;;;ReLU;Binary Crossentropy;Adam;32;0,00001;;100;0,7499;0,7498;0,9;0,0454;;;;;Chamber Gain Corrected, tracks that have 6 tracklets, all electrons and an equal number of pions, scaled as follows: x=x/max(x)
M45;3;;;;;;;0,2;512;;Sigmoid;Binary Crossentropy;Adam;32;0,00001;;100;0,7499;0,7498;0,9;0,0454;;;;;Chamber Gain Corrected, tracks that have 6 tracklets, all electrons and an equal number of pions, scaled as follows: x=x/max(x)
M45;4;;;;;;;0,2;256;;Sigmoid;Binary Crossentropy;Adam;32;0,00001;;100;0,7499;0,7498;0,9;0,0454;;;;;Chamber Gain Corrected, tracks that have 6 tracklets, all electrons and an equal number of pions, scaled as follows: x=x/max(x)
M45;5;;;;;;;0,2;128;;Sigmoid;Binary Crossentropy;Adam;32;0,00001;;100;0,7499;0,7498;0,9;0,0454;;;;;Chamber Gain Corrected, tracks that have 6 tracklets, all electrons and an equal number of pions, scaled as follows: x=x/max(x)
M45;6;;;;;;;;1;TRUE;Sigmoid;Binary Crossentropy;Adam;32;0,00001;;100;0,7499;0,7498;0,9;0,0454;;;;;Chamber Gain Corrected, tracks that have 6 tracklets, all electrons and an equal number of pions, scaled as follows: x=x/max(x)
M46;1;;TRUE;TRUE;16;3x5;;;;;ReLU;Binary Crossentropy;Adam;32;0,00001;;100;0,7501;0,7499;0,9;0,0395;;;;;Chamber Gain Corrected, tracks that have 6 tracklets, all electrons and an equal number of pions, scaled as follows: x=x/max(x)
M46;2;;TRUE;TRUE;32;3x5;;;;;ReLU;Binary Crossentropy;Adam;32;0,00001;;100;0,7501;0,7499;0,9;0,0395;;;;;Chamber Gain Corrected, tracks that have 6 tracklets, all electrons and an equal number of pions, scaled as follows: x=x/max(x)
M46;3;;TRUE;;16;3x3;;;;;ReLU;Binary Crossentropy;Adam;32;0,00001;;100;0,7501;0,7499;0,9;0,0395;;;;;Chamber Gain Corrected, tracks that have 6 tracklets, all electrons and an equal number of pions, scaled as follows: x=x/max(x)
M46;4;;TRUE;;16;3x3;TRUE;;;;ReLU;Binary Crossentropy;Adam;32;0,00001;;100;0,7501;0,7499;0,9;0,0395;;;;;Chamber Gain Corrected, tracks that have 6 tracklets, all electrons and an equal number of pions, scaled as follows: x=x/max(x)
M46;5;;;;;;;0,2;512;;Sigmoid;Binary Crossentropy;Adam;32;0,00001;;100;0,7501;0,7499;0,9;0,0395;;;;;Chamber Gain Corrected, tracks that have 6 tracklets, all electrons and an equal number of pions, scaled as follows: x=x/max(x)
M46;6;;;;;;;0,2;256;;Sigmoid;Binary Crossentropy;Adam;32;0,00001;;100;0,7501;0,7499;0,9;0,0395;;;;;Chamber Gain Corrected, tracks that have 6 tracklets, all electrons and an equal number of pions, scaled as follows: x=x/max(x)
M46;7;;;;;;;0,2;128;;Sigmoid;Binary Crossentropy;Adam;32;0,00001;;100;0,7501;0,7499;0,9;0,0395;;;;;Chamber Gain Corrected, tracks that have 6 tracklets, all electrons and an equal number of pions, scaled as follows: x=x/max(x)
M46;8;;;;;;;;1;TRUE;Sigmoid;Binary Crossentropy;Adam;32;0,00001;;100;0,7501;0,7499;0,9;0,0395;;;;;Chamber Gain Corrected, tracks that have 6 tracklets, all electrons and an equal number of pions, scaled as follows: x=x/max(x)
M47;1;;TRUE;;16;3x3;;;;;ReLU;Binary Crossentropy;Adam;32;0,000001;;100;0,725;0,725;0,9;0,1154;;;;;Chamber Gain Corrected, tracks that have 6 tracklets, all electrons and an equal number of pions, scaled as follows: x=x/max(x)
M47;2;;TRUE;;32;3x3;TRUE;;;;ReLU;Binary Crossentropy;Adam;32;0,000001;;100;0,725;0,725;0,9;0,1154;;;;;Chamber Gain Corrected, tracks that have 6 tracklets, all electrons and an equal number of pions, scaled as follows: x=x/max(x)
M47;3;;;;;;;0,2;512;;Sigmoid;Binary Crossentropy;Adam;32;0,000001;;100;0,725;0,725;0,9;0,1154;;;;;Chamber Gain Corrected, tracks that have 6 tracklets, all electrons and an equal number of pions, scaled as follows: x=x/max(x)
M47;4;;;;;;;0,2;256;;Sigmoid;Binary Crossentropy;Adam;32;0,000001;;100;0,725;0,725;0,9;0,1154;;;;;Chamber Gain Corrected, tracks that have 6 tracklets, all electrons and an equal number of pions, scaled as follows: x=x/max(x)
M47;5;;;;;;;0,2;128;;Sigmoid;Binary Crossentropy;Adam;32;0,000001;;100;0,725;0,725;0,9;0,1154;;;;;Chamber Gain Corrected, tracks that have 6 tracklets, all electrons and an equal number of pions, scaled as follows: x=x/max(x)
M47;6;;;;;;;;1;TRUE;Sigmoid;Binary Crossentropy;Adam;32;0,000001;;100;0,725;0,725;0,9;0,1154;;;;;Chamber Gain Corrected, tracks that have 6 tracklets, all electrons and an equal number of pions, scaled as follows: x=x/max(x)
M48;1;;TRUE;;16;3x3;;;;;ReLU;Binary Crossentropy;Adam;32;0,00001;;100;0,74;0,735;0,9;0,0454;;;;;Chamber Gain Corrected, tracks that have 6 tracklets, all electrons and an equal number of pions, scaled as follows: x=x/max(x)
M48;2;;TRUE;;32;3x3;TRUE;;;;ReLU;Binary Crossentropy;Adam;32;0,00001;;100;0,74;0,735;0,9;0,0454;;;;;Chamber Gain Corrected, tracks that have 6 tracklets, all electrons and an equal number of pions, scaled as follows: x=x/max(x)
M48;3;;;;;;;0,2;512;;Sigmoid;Binary Crossentropy;Adam;32;0,00001;;100;0,74;0,735;0,9;0,0454;;;;;Chamber Gain Corrected, tracks that have 6 tracklets, all electrons and an equal number of pions, scaled as follows: x=x/max(x)
M48;4;;;;;;;0,2;512;;Sigmoid;Binary Crossentropy;Adam;32;0,00001;;100;0,74;0,735;0,9;0,0454;;;;;Chamber Gain Corrected, tracks that have 6 tracklets, all electrons and an equal number of pions, scaled as follows: x=x/max(x)
M48;5;;;;;;;0,2;256;;Sigmoid;Binary Crossentropy;Adam;32;0,00001;;100;0,74;0,735;0,9;0,0454;;;;;Chamber Gain Corrected, tracks that have 6 tracklets, all electrons and an equal number of pions, scaled as follows: x=x/max(x)
M48;6;;;;;;;0,2;256;;Sigmoid;Binary Crossentropy;Adam;32;0,00001;;100;0,74;0,735;0,9;0,0454;;;;;Chamber Gain Corrected, tracks that have 6 tracklets, all electrons and an equal number of pions, scaled as follows: x=x/max(x)
M48;7;;;;;;;0,2;128;;Sigmoid;Binary Crossentropy;Adam;32;0,00001;;100;0,74;0,735;0,9;0,0454;;;;;Chamber Gain Corrected, tracks that have 6 tracklets, all electrons and an equal number of pions, scaled as follows: x=x/max(x)
M48;8;;;;;;;0,2;128;;Sigmoid;Binary Crossentropy;Adam;32;0,00001;;100;0,74;0,735;0,9;0,0454;;;;;Chamber Gain Corrected, tracks that have 6 tracklets, all electrons and an equal number of pions, scaled as follows: x=x/max(x)
M49;1;;;;;;;;1;TRUE;Sigmoid;Binary Crossentropy;Adam;32;0,00001;;100;0,74;0,735;0,9;0,0454;;;;;Chamber Gain Corrected, tracks that have 6 tracklets, all electrons and an equal number of pions, scaled as follows: x=x/max(x)
M49;2;;TRUE;;16;3x3;;;;;ReLU;Binary Crossentropy;Adam;32;0,0000001;;100;0,71;0,71;0,9;0,1727;;;;;Chamber Gain Corrected, tracks that have 6 tracklets, all electrons and an equal number of pions, scaled as follows: x=x/max(x)
M49;3;;TRUE;;32;3x3;TRUE;;;;ReLU;Binary Crossentropy;Adam;32;0,0000001;;100;0,71;0,71;0,9;0,1727;;;;;Chamber Gain Corrected, tracks that have 6 tracklets, all electrons and an equal number of pions, scaled as follows: x=x/max(x)
M49;4;;;;;;;0,2;512;;Sigmoid;Binary Crossentropy;Adam;32;0,0000001;;100;0,71;0,71;0,9;0,1727;;;;;Chamber Gain Corrected, tracks that have 6 tracklets, all electrons and an equal number of pions, scaled as follows: x=x/max(x)
M49;5;;;;;;;0,2;512;;Sigmoid;Binary Crossentropy;Adam;32;0,0000001;;100;0,71;0,71;0,9;0,1727;;;;;Chamber Gain Corrected, tracks that have 6 tracklets, all electrons and an equal number of pions, scaled as follows: x=x/max(x)
M49;6;;;;;;;0,2;256;;Sigmoid;Binary Crossentropy;Adam;32;0,0000001;;100;0,71;0,71;0,9;0,1727;;;;;Chamber Gain Corrected, tracks that have 6 tracklets, all electrons and an equal number of pions, scaled as follows: x=x/max(x)
M49;7;;;;;;;0,2;256;;Sigmoid;Binary Crossentropy;Adam;32;0,0000001;;100;0,71;0,71;0,9;0,1727;;;;;Chamber Gain Corrected, tracks that have 6 tracklets, all electrons and an equal number of pions, scaled as follows: x=x/max(x)
M49;8;;;;;;;0,2;128;;Sigmoid;Binary Crossentropy;Adam;32;0,0000001;;100;0,71;0,71;0,9;0,1727;;;;;Chamber Gain Corrected, tracks that have 6 tracklets, all electrons and an equal number of pions, scaled as follows: x=x/max(x)
M49;9;;;;;;;0,2;128;;Sigmoid;Binary Crossentropy;Adam;32;0,0000001;;100;0,71;0,71;0,9;0,1727;;;;;Chamber Gain Corrected, tracks that have 6 tracklets, all electrons and an equal number of pions, scaled as follows: x=x/max(x)
M49;10;;;;;;;;1;TRUE;Sigmoid;Binary Crossentropy;Adam;32;0,0000001;;100;0,71;0,71;0,9;0,1727;;;;;Chamber Gain Corrected, tracks that have 6 tracklets, all electrons and an equal number of pions, scaled as follows: x=x/max(x)
M50;1;;TRUE;;16;8x12;;;;;ReLU;Binary Crossentropy;Adam;32;0,00001;;100;0,74;0,738;0,9;0,0583;;;;;Chamber Gain Corrected, tracks that have 6 tracklets, all electrons and an equal number of pions, scaled as follows: x=x/max(x)
M50;2;;TRUE;;16;5x5;TRUE;;;;ReLU;Binary Crossentropy;Adam;32;0,00001;;100;0,74;0,738;0,9;0,0583;;;;;Chamber Gain Corrected, tracks that have 6 tracklets, all electrons and an equal number of pions, scaled as follows: x=x/max(x)
M50;3;;TRUE;;16;3x3;;;;;ReLU;Binary Crossentropy;Adam;32;0,00001;;100;0,74;0,738;0,9;0,0583;;;;;Chamber Gain Corrected, tracks that have 6 tracklets, all electrons and an equal number of pions, scaled as follows: x=x/max(x)
M50;4;;;;;;;0,8;128;;Sigmoid;Binary Crossentropy;Adam;32;0,00001;;100;0,74;0,738;0,9;0,0583;;;;;Chamber Gain Corrected, tracks that have 6 tracklets, all electrons and an equal number of pions, scaled as follows: x=x/max(x)
M50;5;;;;;;;;1;TRUE;Sigmoid;Binary Crossentropy;Adam;32;0,00001;;100;0,74;0,738;0,9;0,0583;;;;;Chamber Gain Corrected, tracks that have 6 tracklets, all electrons and an equal number of pions, scaled as follows: x=x/max(x)
M51;1;;TRUE;;16;8x12;;;;;ReLU;Binary Crossentropy;Adam;32;0,00001;;100;0,74;0,737;0,9;0,0592;;;;;Chamber Gain Corrected, tracks that have 6 tracklets, all electrons and an equal number of pions, scaled as follows: x=x/max(x)
M51;2;;TRUE;;16;5x5;TRUE;;;;ReLU;Binary Crossentropy;Adam;32;0,00001;;100;0,74;0,737;0,9;0,0592;;;;;Chamber Gain Corrected, tracks that have 6 tracklets, all electrons and an equal number of pions, scaled as follows: x=x/max(x)
M51;3;;TRUE;;16;3x3;;;;;ReLU;Binary Crossentropy;Adam;32;0,00001;;100;0,74;0,737;0,9;0,0592;;;;;Chamber Gain Corrected, tracks that have 6 tracklets, all electrons and an equal number of pions, scaled as follows: x=x/max(x)
M51;4;;;;;;;0,5;128;;Sigmoid;Binary Crossentropy;Adam;32;0,00001;;100;0,74;0,737;0,9;0,0592;;;;;Chamber Gain Corrected, tracks that have 6 tracklets, all electrons and an equal number of pions, scaled as follows: x=x/max(x)
M51;5;;;;;;;0,5;128;;Sigmoid;Binary Crossentropy;Adam;32;0,00001;;100;0,74;0,737;0,9;0,0592;;;;;Chamber Gain Corrected, tracks that have 6 tracklets, all electrons and an equal number of pions, scaled as follows: x=x/max(x)
M51;6;;;;;;;0,5;128;;Sigmoid;Binary Crossentropy;Adam;32;0,00001;;100;0,74;0,737;0,9;0,0592;;;;;Chamber Gain Corrected, tracks that have 6 tracklets, all electrons and an equal number of pions, scaled as follows: x=x/max(x)
M51;7;;;;;;;0,5;128;;Sigmoid;Binary Crossentropy;Adam;32;0,00001;;100;0,74;0,737;0,9;0,0592;;;;;Chamber Gain Corrected, tracks that have 6 tracklets, all electrons and an equal number of pions, scaled as follows: x=x/max(x)
M51;8;;;;;;;0,5;128;;Sigmoid;Binary Crossentropy;Adam;32;0,00001;;100;0,74;0,737;0,9;0,0592;;;;;Chamber Gain Corrected, tracks that have 6 tracklets, all electrons and an equal number of pions, scaled as follows: x=x/max(x)
M51;9;;;;;;;;1;TRUE;Sigmoid;Binary Crossentropy;Adam;32;0,00001;;100;0,74;0,737;0,9;0,0592;;;;;Chamber Gain Corrected, tracks that have 6 tracklets, all electrons and an equal number of pions, scaled as follows: x=x/max(x)
M52;1;;TRUE;;16;8x12;;;;;Tanh;Binary Crossentropy;Adam;32;0,00001;;100;0,742;0,735;0,9;0,0531;;;;;Chamber Gain Corrected, tracks that have 6 tracklets, all electrons and an equal number of pions, scaled as follows: x=x/max(x)
M52;2;;TRUE;;16;5x5;TRUE;;;;Tanh;Binary Crossentropy;Adam;32;0,00001;;100;0,742;0,735;0,9;0,0531;;;;;Chamber Gain Corrected, tracks that have 6 tracklets, all electrons and an equal number of pions, scaled as follows: x=x/max(x)
M52;3;;TRUE;;16;3x3;;;;;Tanh;Binary Crossentropy;Adam;32;0,00001;;100;0,742;0,735;0,9;0,0531;;;;;Chamber Gain Corrected, tracks that have 6 tracklets, all electrons and an equal number of pions, scaled as follows: x=x/max(x)
M52;4;;;;;;;0,5;128;;Tanh;Binary Crossentropy;Adam;32;0,00001;;100;0,742;0,735;0,9;0,0531;;;;;Chamber Gain Corrected, tracks that have 6 tracklets, all electrons and an equal number of pions, scaled as follows: x=x/max(x)
M52;5;;;;;;;0,5;128;;Tanh;Binary Crossentropy;Adam;32;0,00001;;100;0,742;0,735;0,9;0,0531;;;;;Chamber Gain Corrected, tracks that have 6 tracklets, all electrons and an equal number of pions, scaled as follows: x=x/max(x)
M52;6;;;;;;;0,5;128;;Tanh;Binary Crossentropy;Adam;32;0,00001;;100;0,742;0,735;0,9;0,0531;;;;;Chamber Gain Corrected, tracks that have 6 tracklets, all electrons and an equal number of pions, scaled as follows: x=x/max(x)
M52;7;;;;;;;0,5;128;;Tanh;Binary Crossentropy;Adam;32;0,00001;;100;0,742;0,735;0,9;0,0531;;;;;Chamber Gain Corrected, tracks that have 6 tracklets, all electrons and an equal number of pions, scaled as follows: x=x/max(x)
M52;8;;;;;;;0,5;128;;Tanh;Binary Crossentropy;Adam;32;0,00001;;100;0,742;0,735;0,9;0,0531;;;;;Chamber Gain Corrected, tracks that have 6 tracklets, all electrons and an equal number of pions, scaled as follows: x=x/max(x)
M52;9;;;;;;;;1;TRUE;Sigmoid;Binary Crossentropy;Adam;32;0,00001;;100;0,742;0,735;0,9;0,0531;;;;;Chamber Gain Corrected, tracks that have 6 tracklets, all electrons and an equal number of pions, scaled as follows: x=x/max(x)
M53;1;;;;;;;;;;;;;;;;;;;;;;;;;
